Summary,Issue key,Issue id,Issue Type,Status,Project key,Project name,Project type,Project lead,Project lead id,Project description,Priority,Resolution,Assignee,Assignee Id,Reporter,Reporter Id,Creator,Creator Id,Created,Updated,Last Viewed,Resolved,Due date,Votes,Description,Environment,Watchers,Watchers Id,Original estimate,Remaining Estimate,Time Spent,Work Ratio,Σ Original Estimate,Σ Remaining Estimate,Σ Time Spent,Security Level,Outward issue link (Blocks),Outward issue link (Relates),Attachment,Attachment,Custom field (Actual end),Custom field (Actual start),Custom field (Change reason),Custom field (Change risk),Custom field (Change type),Custom field (Development),Custom field (Epic Color),Custom field (Epic Link),Custom field (Epic Name),Custom field (Epic Status),Custom field (Impact),Custom field (Issue color),Custom field (Rank),Custom field (Request Type),Sprint,Custom field (Start date),Custom field (Story Points),Custom field (Story point estimate),Custom field (Target end),Custom field (Target start),Custom field (Team),Custom field ([CHART] Date of First Response),Status Category
The 'Revolutionary slider option' in 'Add new' section of 'Posts' field is not working.,RE-60,10059,Bug,To Do,RE,Real Estate,software,SANCHARI SINGHA ROY,612ef79fae44ae0070b4e8eb,,Medium,,SANCHARI SINGHA ROY,612ef79fae44ae0070b4e8eb,SANCHARI SINGHA ROY,612ef79fae44ae0070b4e8eb,SANCHARI SINGHA ROY,612ef79fae44ae0070b4e8eb,9/8/2021 9:05,9/8/2021 10:27,9/8/2021 9:06,,,0,"*Description*

The revolutionary slider option for proving any template to the newly created post is not working and showing default.

*Steps To Reproduce*

1.Go to posts

2.Go to Add New

3. Create a new post by providing title any description

4.Click on revolutionary slider option.

*Expected Result*

The Revolutionary slider option should open a variety of templates option.

*Actual Result*

The slider option is not showing any templates option and instead showing default.

!image-20210908-034150.png|width=268,height=248!",,SANCHARI SINGHA ROY,612ef79fae44ae0070b4e8eb,,,,,,,,,,RE-59,08/Sep/21 9:12 AM;ug:2139ff6f-71ac-4c11-888b-90458bec2fca;image-20210908-034150.png;https://realestate99.atlassian.net/secure/attachment/10003/image-20210908-034150.png,,,,,,,{},,,,,,,0|i0001q:zzzzzzz,,RE Sprint 1,,,,,,,,To Do
"Verify when the user creates a new post in 'Add New' section of 'Posts' field,the user is able to use revolutionary slider option for giving any template to the post.",RE-59,10058,Test,Blocked,RE,Real Estate,software,SANCHARI SINGHA ROY,612ef79fae44ae0070b4e8eb,,Medium,,SANCHARI SINGHA ROY,612ef79fae44ae0070b4e8eb,SANCHARI SINGHA ROY,612ef79fae44ae0070b4e8eb,SANCHARI SINGHA ROY,612ef79fae44ae0070b4e8eb,9/8/2021 8:58,9/8/2021 10:27,9/8/2021 10:09,,,0,,,SANCHARI SINGHA ROY,612ef79fae44ae0070b4e8eb,,,,,,,,,RE-60,RE-2,,,,,,,,{},,,,,,,0|i0000b:,,RE Sprint 1,,,,,,,,In Progress
The 'Publish immediately' field under the 'publish' section is taking previous dates. ,RE-58,10057,Bug,To Do,RE,Real Estate,software,SANCHARI SINGHA ROY,612ef79fae44ae0070b4e8eb,,Medium,,SANCHARI SINGHA ROY,612ef79fae44ae0070b4e8eb,SANCHARI SINGHA ROY,612ef79fae44ae0070b4e8eb,SANCHARI SINGHA ROY,612ef79fae44ae0070b4e8eb,9/7/2021 16:49,9/8/2021 10:21,9/7/2021 17:09,,,0,"*Description*

The ‘Publish immediately’ field is accepting previous dates.

*Steps to Reproduce*

# Go to the Real Estate application.
# Go to the Posts
# Go to the Add New
# Write title and description
# Select date from publish immediately field

*Expected Result*

The ‘Publish Immediately’ field should take current and future dates.

*Actual Result*

The ‘Publish immediately’ field  is accepting past dates

!image-20210907-113808.png|width=522,height=468!",,SANCHARI SINGHA ROY,612ef79fae44ae0070b4e8eb,,,,,,,,,,RE-57,07/Sep/21 5:08 PM;ug:2139ff6f-71ac-4c11-888b-90458bec2fca;image-20210907-113808.png;https://realestate99.atlassian.net/secure/attachment/10002/image-20210907-113808.png,,,,,,,{},,,,,,,0|i0001q:zzzzzzy,,RE Sprint 1,,,,,,,,To Do
"Verify all functionality such as status, visibility and publish immediately fields under 'Publish' section of the 'Posts' field",RE-57,10056,Test,Blocked,RE,Real Estate,software,SANCHARI SINGHA ROY,612ef79fae44ae0070b4e8eb,,Medium,,SANCHARI SINGHA ROY,612ef79fae44ae0070b4e8eb,SANCHARI SINGHA ROY,612ef79fae44ae0070b4e8eb,SANCHARI SINGHA ROY,612ef79fae44ae0070b4e8eb,9/7/2021 16:40,9/8/2021 10:21,9/8/2021 10:19,,,0,,,SANCHARI SINGHA ROY,612ef79fae44ae0070b4e8eb,,,,,,,,,RE-58,RE-56,,,,,,,,{},,,,,,,0|i0001q:zzzzzzx,,RE Sprint 1,,,,,,,,In Progress
As a user I should be able to use the 'Publish' functionality in order to post any new document in 'Add New' section of 'posts' field.,RE-56,10055,Story,Blocked,RE,Real Estate,software,SANCHARI SINGHA ROY,612ef79fae44ae0070b4e8eb,,Medium,,SANCHARI SINGHA ROY,612ef79fae44ae0070b4e8eb,SANCHARI SINGHA ROY,612ef79fae44ae0070b4e8eb,SANCHARI SINGHA ROY,612ef79fae44ae0070b4e8eb,9/7/2021 16:36,9/8/2021 16:43,9/8/2021 15:57,,,0,,,SANCHARI SINGHA ROY,612ef79fae44ae0070b4e8eb,,,,,,,,,,RE-58,,,,,,,,{},,RE-1,,,,,0|i0001q:zzzzzzv,,RE Sprint 1,,,,,,,,In Progress
"The 'Delete' functionality in tags/category section of Posts field shows wrong validation message ''Something went wrong"".",RE-55,10054,Bug,To Do,RE,Real Estate,software,SANCHARI SINGHA ROY,612ef79fae44ae0070b4e8eb,,Medium,,SANCHARI SINGHA ROY,612ef79fae44ae0070b4e8eb,SANCHARI SINGHA ROY,612ef79fae44ae0070b4e8eb,SANCHARI SINGHA ROY,612ef79fae44ae0070b4e8eb,9/7/2021 14:59,9/8/2021 10:29,9/7/2021 15:14,,,0,"*Description*

On clicking the ‘Delete’ functionality instead of deleting the selected item, it shows wrong validation message ‘something went wrong’ and the item  gets deleted only after refreshing the page.

*Steps to Reproduce*

# Go to the Real Estate application.
# Go to the posts section
# Go to tags/category section.
# Select any item and clicks on delete

*Expected Result*

The selected item should get deleted immediately.

*Actual Result*

Upon clicking the ‘delete’ functionality the page is showing a popup message with ‘something went wrong’ and the item remains as it is and the item gets deleted only after when the page is refreshed.





!image-20210907-094553.png|width=742,height=546!

!image-20210907-094708.png|width=849,height=453!",,SANCHARI SINGHA ROY,612ef79fae44ae0070b4e8eb,,,,,,,,,,RE-35,07/Sep/21 3:17 PM;ug:2139ff6f-71ac-4c11-888b-90458bec2fca;image-20210907-094553.png;https://realestate99.atlassian.net/secure/attachment/10000/image-20210907-094553.png,07/Sep/21 3:17 PM;ug:2139ff6f-71ac-4c11-888b-90458bec2fca;image-20210907-094708.png;https://realestate99.atlassian.net/secure/attachment/10001/image-20210907-094708.png,,,,,,{},,,,,,,0|i0001q:zzzzzzr,,RE Sprint 1,,,,,,,,To Do
"verify columns such as name, description, slug and count appear in the result page of 'tags/category' section of 'Posts' field.",RE-54,10053,Test,Done,RE,Real Estate,software,SANCHARI SINGHA ROY,612ef79fae44ae0070b4e8eb,,Medium,Done,SANCHARI SINGHA ROY,612ef79fae44ae0070b4e8eb,SANCHARI SINGHA ROY,612ef79fae44ae0070b4e8eb,SANCHARI SINGHA ROY,612ef79fae44ae0070b4e8eb,9/7/2021 14:19,9/8/2021 10:18,9/7/2021 14:19,9/8/2021 10:18,,0,,,SANCHARI SINGHA ROY,612ef79fae44ae0070b4e8eb,,,,,,,,,,RE-52,,,,,,,,{},,,,,,,0|i0001q:zzzzzzi,,RE Sprint 1,,,,,,,,Done
"verify columns such as title, author, categories, tags and date appear in the result page of 'All posts' section of 'Posts' field.",RE-53,10052,Test,Done,RE,Real Estate,software,SANCHARI SINGHA ROY,612ef79fae44ae0070b4e8eb,,Medium,Done,SANCHARI SINGHA ROY,612ef79fae44ae0070b4e8eb,SANCHARI SINGHA ROY,612ef79fae44ae0070b4e8eb,SANCHARI SINGHA ROY,612ef79fae44ae0070b4e8eb,9/7/2021 14:13,9/8/2021 10:18,9/7/2021 14:13,9/8/2021 10:18,,0,,,SANCHARI SINGHA ROY,612ef79fae44ae0070b4e8eb,,,,,,,,,,RE-52,,,,,,,,{},,,,,,,0|i0001q:zzzzzz,,RE Sprint 1,,,,,,,,Done
"As a user I should be able to see the result/displayed page for 'all posts', 'tags', and 'category' section of the 'posts' field.",RE-52,10051,Story,Done,RE,Real Estate,software,SANCHARI SINGHA ROY,612ef79fae44ae0070b4e8eb,,Medium,Done,SANCHARI SINGHA ROY,612ef79fae44ae0070b4e8eb,SANCHARI SINGHA ROY,612ef79fae44ae0070b4e8eb,SANCHARI SINGHA ROY,612ef79fae44ae0070b4e8eb,9/7/2021 14:11,9/8/2021 10:18,9/8/2021 9:30,9/8/2021 10:18,,0,,,SANCHARI SINGHA ROY,612ef79fae44ae0070b4e8eb,,,,,,,,,,,,,,,,,,{},,RE-1,,,,,0|i0001q:zzzzzy,,RE Sprint 1,,,,,,,,Done
Verify when the number of records can be changed for every page,RE-51,10050,Test,Done,RE,Real Estate,software,SANCHARI SINGHA ROY,612ef79fae44ae0070b4e8eb,,Medium,Done,SANCHARI SINGHA ROY,612ef79fae44ae0070b4e8eb,SANCHARI SINGHA ROY,612ef79fae44ae0070b4e8eb,SANCHARI SINGHA ROY,612ef79fae44ae0070b4e8eb,9/7/2021 13:07,9/8/2021 10:18,9/7/2021 14:03,9/8/2021 10:18,,0,,,SANCHARI SINGHA ROY,612ef79fae44ae0070b4e8eb,,,,,,,,,,RE-43,,,,,,,,{},,,,,,,0|i0001q:zzzzzx,,RE Sprint 1,,,,,,,,Done
verify that the valid page number must be displayed on every page.,RE-50,10049,Test,Done,RE,Real Estate,software,SANCHARI SINGHA ROY,612ef79fae44ae0070b4e8eb,,Medium,Done,SANCHARI SINGHA ROY,612ef79fae44ae0070b4e8eb,SANCHARI SINGHA ROY,612ef79fae44ae0070b4e8eb,SANCHARI SINGHA ROY,612ef79fae44ae0070b4e8eb,9/7/2021 13:02,9/8/2021 10:17,9/7/2021 13:03,9/8/2021 10:17,,0,,,SANCHARI SINGHA ROY,612ef79fae44ae0070b4e8eb,,,,,,,,,,RE-43,,,,,,,,{},,,,,,,0|i0001q:zzzzzv,,RE Sprint 1,,,,,,,,Done
verify on the very last page next button must be disabled.,RE-49,10048,Test,Done,RE,Real Estate,software,SANCHARI SINGHA ROY,612ef79fae44ae0070b4e8eb,,Medium,Done,SANCHARI SINGHA ROY,612ef79fae44ae0070b4e8eb,SANCHARI SINGHA ROY,612ef79fae44ae0070b4e8eb,SANCHARI SINGHA ROY,612ef79fae44ae0070b4e8eb,9/7/2021 12:56,9/8/2021 10:17,9/7/2021 12:56,9/8/2021 10:17,,0,,,SANCHARI SINGHA ROY,612ef79fae44ae0070b4e8eb,,,,,,,,,,RE-43,,,,,,,,{},,,,,,,0|i0001q:zzzzw,,RE Sprint 1,,,,,,,,Done
verify on the very first page previous button must be disabled.,RE-48,10047,Test,Done,RE,Real Estate,software,SANCHARI SINGHA ROY,612ef79fae44ae0070b4e8eb,,Medium,Done,SANCHARI SINGHA ROY,612ef79fae44ae0070b4e8eb,SANCHARI SINGHA ROY,612ef79fae44ae0070b4e8eb,SANCHARI SINGHA ROY,612ef79fae44ae0070b4e8eb,9/7/2021 12:51,9/8/2021 10:17,9/7/2021 12:51,9/8/2021 10:17,,0,,,SANCHARI SINGHA ROY,612ef79fae44ae0070b4e8eb,,,,,,,,,,RE-43,,,,,,,,{},,,,,,,0|i0001q:zzzzzr,,RE Sprint 1,,,,,,,,Done
verify when next button is clicked in pagination it must redirect to next page.,RE-47,10046,Test,Done,RE,Real Estate,software,SANCHARI SINGHA ROY,612ef79fae44ae0070b4e8eb,,Medium,Done,SANCHARI SINGHA ROY,612ef79fae44ae0070b4e8eb,SANCHARI SINGHA ROY,612ef79fae44ae0070b4e8eb,SANCHARI SINGHA ROY,612ef79fae44ae0070b4e8eb,9/7/2021 12:47,9/8/2021 10:17,9/7/2021 12:48,9/8/2021 10:17,,0,,,SANCHARI SINGHA ROY,612ef79fae44ae0070b4e8eb,,,,,,,,,,RE-43,,,,,,,,{},,,,,,,0|i0001q:zzzzzi,,RE Sprint 1,,,,,,,,Done
verify when previous button is clicked in pagination it must redirect to previous  page.,RE-46,10045,Test,Done,RE,Real Estate,software,SANCHARI SINGHA ROY,612ef79fae44ae0070b4e8eb,,Medium,Done,SANCHARI SINGHA ROY,612ef79fae44ae0070b4e8eb,SANCHARI SINGHA ROY,612ef79fae44ae0070b4e8eb,SANCHARI SINGHA ROY,612ef79fae44ae0070b4e8eb,9/7/2021 12:40,9/8/2021 10:17,9/7/2021 12:40,9/8/2021 10:17,,0,,,SANCHARI SINGHA ROY,612ef79fae44ae0070b4e8eb,,,,,,,,,,RE-43,,,,,,,,{},,,,,,,0|i0001q:zzzzxi,,RE Sprint 1,,,,,,,,Done
verify whether the pagination displayed has both previous and next clickable links.,RE-45,10044,Test,Done,RE,Real Estate,software,SANCHARI SINGHA ROY,612ef79fae44ae0070b4e8eb,,Medium,Done,SANCHARI SINGHA ROY,612ef79fae44ae0070b4e8eb,SANCHARI SINGHA ROY,612ef79fae44ae0070b4e8eb,SANCHARI SINGHA ROY,612ef79fae44ae0070b4e8eb,9/7/2021 12:32,9/8/2021 10:17,9/7/2021 12:33,9/8/2021 10:17,,0,,,SANCHARI SINGHA ROY,612ef79fae44ae0070b4e8eb,,,,,,,,,,RE-43,,,,,,,,{},,,,,,,0|i0001q:zzzzz,,RE Sprint 1,,,,,,,,Done
Verify the total number of records i.e.  20 per page as per mentioned in screen option.,RE-44,10043,Test,Done,RE,Real Estate,software,SANCHARI SINGHA ROY,612ef79fae44ae0070b4e8eb,,Medium,Done,SANCHARI SINGHA ROY,612ef79fae44ae0070b4e8eb,SANCHARI SINGHA ROY,612ef79fae44ae0070b4e8eb,SANCHARI SINGHA ROY,612ef79fae44ae0070b4e8eb,9/7/2021 12:25,9/8/2021 10:17,9/7/2021 12:59,9/8/2021 10:17,,0,,,SANCHARI SINGHA ROY,612ef79fae44ae0070b4e8eb,,,,,,,,,,RE-43,,,,,,,,{},,,,,,,0|i0001q:zzzzy,,RE Sprint 1,,,,,,,,Done
As a user I should be able to perform pagination functionality so that I can keep track of the records.,RE-43,10042,Story,Done,RE,Real Estate,software,SANCHARI SINGHA ROY,612ef79fae44ae0070b4e8eb,,Medium,Done,SANCHARI SINGHA ROY,612ef79fae44ae0070b4e8eb,SANCHARI SINGHA ROY,612ef79fae44ae0070b4e8eb,SANCHARI SINGHA ROY,612ef79fae44ae0070b4e8eb,9/7/2021 12:16,9/8/2021 10:17,9/8/2021 9:28,9/8/2021 10:17,,0,,,SANCHARI SINGHA ROY,612ef79fae44ae0070b4e8eb,,,,,,,,,,,,,,,,,,{},,RE-1,,,,,0|i0001q:zzzzx,,RE Sprint 1,,,,,,,,Done
"Verify whether the user can use search functionality only for the columns such as name,  slugs  in the 'Tags/category' section of 'Posts' field.",RE-42,10041,Test,Done,RE,Real Estate,software,SANCHARI SINGHA ROY,612ef79fae44ae0070b4e8eb,,Medium,Done,SANCHARI SINGHA ROY,612ef79fae44ae0070b4e8eb,SANCHARI SINGHA ROY,612ef79fae44ae0070b4e8eb,SANCHARI SINGHA ROY,612ef79fae44ae0070b4e8eb,9/7/2021 11:55,9/8/2021 10:17,9/7/2021 12:17,9/8/2021 10:17,,0,,,SANCHARI SINGHA ROY,612ef79fae44ae0070b4e8eb,,,,,,,,,,RE-16,,,,,,,,{},,,,,,,0|i0001q:zzzzv,,RE Sprint 1,,,,,,,,Done
Verify whether the user can use search functionality only for name column in the 'All posts' section of 'Posts' field.,RE-41,10040,Test,Done,RE,Real Estate,software,SANCHARI SINGHA ROY,612ef79fae44ae0070b4e8eb,,Medium,Done,SANCHARI SINGHA ROY,612ef79fae44ae0070b4e8eb,SANCHARI SINGHA ROY,612ef79fae44ae0070b4e8eb,SANCHARI SINGHA ROY,612ef79fae44ae0070b4e8eb,9/7/2021 11:42,9/8/2021 10:17,9/7/2021 12:16,9/8/2021 10:17,,0,,,SANCHARI SINGHA ROY,612ef79fae44ae0070b4e8eb,,,,,,,,,,RE-16,,,,,,,,{},,,,,,,0|i0001q:zzzzr,,RE Sprint 1,,,,,,,,Done
Verify whether the admin can perform bulk action 'Delete permanently' or 'Empty trash' functionality in 'Trash' field to delete posts from trash .,RE-40,10039,Test,Done,RE,Real Estate,software,SANCHARI SINGHA ROY,612ef79fae44ae0070b4e8eb,,Medium,Done,SANCHARI SINGHA ROY,612ef79fae44ae0070b4e8eb,SANCHARI SINGHA ROY,612ef79fae44ae0070b4e8eb,SANCHARI SINGHA ROY,612ef79fae44ae0070b4e8eb,9/7/2021 10:33,9/8/2021 10:16,9/7/2021 10:33,9/8/2021 10:16,,0,,,SANCHARI SINGHA ROY,612ef79fae44ae0070b4e8eb,,,,,,,,,,RE-38,,,,,,,,{},,,,,,,0|i0001q:zzzzi,,RE Sprint 1,,,,,,,,Done
Verify whether the admin can perform bulk action 'Restore' functionality in 'Trash' field to restore posts from trash to all posts section.,RE-39,10038,Test,Done,RE,Real Estate,software,SANCHARI SINGHA ROY,612ef79fae44ae0070b4e8eb,,Medium,Done,SANCHARI SINGHA ROY,612ef79fae44ae0070b4e8eb,SANCHARI SINGHA ROY,612ef79fae44ae0070b4e8eb,SANCHARI SINGHA ROY,612ef79fae44ae0070b4e8eb,9/7/2021 10:17,9/8/2021 10:16,9/7/2021 10:45,9/8/2021 10:16,,0,,,SANCHARI SINGHA ROY,612ef79fae44ae0070b4e8eb,,,,,,,,,,RE-38,,,,,,,,{},,,,,,,0|i0001q:zzzz,,RE Sprint 1,,,,,,,,Done
As an admin I should be able to perform 'Trash' functionality in 'All posts' section of 'posts' field .,RE-38,10037,Story,Done,RE,Real Estate,software,SANCHARI SINGHA ROY,612ef79fae44ae0070b4e8eb,,Medium,Done,SANCHARI SINGHA ROY,612ef79fae44ae0070b4e8eb,SANCHARI SINGHA ROY,612ef79fae44ae0070b4e8eb,SANCHARI SINGHA ROY,612ef79fae44ae0070b4e8eb,9/7/2021 10:12,9/8/2021 10:16,9/8/2021 9:27,9/8/2021 10:16,,0,,,SANCHARI SINGHA ROY,612ef79fae44ae0070b4e8eb,,,,,,,,,,,,,,,,,,{},,RE-1,,,,,0|i0001q:zzzy,,RE Sprint 1,,,,,,,,Done
Verify when the user clicks on undo functionality the admin is able to get back the deleted post.,RE-37,10036,Test,Done,RE,Real Estate,software,SANCHARI SINGHA ROY,612ef79fae44ae0070b4e8eb,,Medium,Done,SANCHARI SINGHA ROY,612ef79fae44ae0070b4e8eb,SANCHARI SINGHA ROY,612ef79fae44ae0070b4e8eb,SANCHARI SINGHA ROY,612ef79fae44ae0070b4e8eb,9/7/2021 9:16,9/8/2021 10:16,9/7/2021 14:28,9/8/2021 10:16,,0,,,SANCHARI SINGHA ROY,612ef79fae44ae0070b4e8eb,,,,,,,,,,RE-36,,,,,,,,{},,,,,,,0|i0001q:zzzx,,RE Sprint 1,,,,,,,,Done
As a user I should be able to perform the 'Undo' functionality in the 'All Posts' section of 'posts' field so that I can retrieve the deleted post whenever required.,RE-36,10035,Story,Done,RE,Real Estate,software,SANCHARI SINGHA ROY,612ef79fae44ae0070b4e8eb,,Medium,Done,SANCHARI SINGHA ROY,612ef79fae44ae0070b4e8eb,SANCHARI SINGHA ROY,612ef79fae44ae0070b4e8eb,SANCHARI SINGHA ROY,612ef79fae44ae0070b4e8eb,9/7/2021 9:15,9/8/2021 10:16,9/8/2021 9:26,9/8/2021 10:16,,0,,,SANCHARI SINGHA ROY,612ef79fae44ae0070b4e8eb,,,,,,,,,,,,,,,,,,{},,RE-1,,,,,0|i0001q:zzzm,,RE Sprint 1,,,,,,,,Done
Verify whether the user is able to delete any particular tags or category as per requirements.,RE-35,10034,Test,Blocked,RE,Real Estate,software,SANCHARI SINGHA ROY,612ef79fae44ae0070b4e8eb,,Medium,,SANCHARI SINGHA ROY,612ef79fae44ae0070b4e8eb,SANCHARI SINGHA ROY,612ef79fae44ae0070b4e8eb,SANCHARI SINGHA ROY,612ef79fae44ae0070b4e8eb,9/6/2021 17:18,9/8/2021 10:29,9/8/2021 10:16,,,0,,,SANCHARI SINGHA ROY,612ef79fae44ae0070b4e8eb,,,,,,,,,RE-55,RE-34,,,,,,,,{},,,,,,,0|i0001q:zzzr,,RE Sprint 1,,,,,,,,In Progress
As a user I should be able to use 'delete' functionality so that I can delete any tags or category as per choice.,RE-34,10033,Story,Blocked,RE,Real Estate,software,SANCHARI SINGHA ROY,612ef79fae44ae0070b4e8eb,,Medium,,SANCHARI SINGHA ROY,612ef79fae44ae0070b4e8eb,SANCHARI SINGHA ROY,612ef79fae44ae0070b4e8eb,SANCHARI SINGHA ROY,612ef79fae44ae0070b4e8eb,9/6/2021 17:04,9/8/2021 16:43,9/8/2021 9:25,,,0,,,SANCHARI SINGHA ROY,612ef79fae44ae0070b4e8eb,,,,,,,,,,RE-55,,,,,,,,{},,RE-1,,,,,0|i0001q:zzzi,,RE Sprint 1,,,,,,,,In Progress
"Verify when the user makes necessary modifications to any field and doesn't clicks on update option, then the user is not able to see the updated list.",RE-33,10032,Test,Done,RE,Real Estate,software,SANCHARI SINGHA ROY,612ef79fae44ae0070b4e8eb,,Medium,Done,SANCHARI SINGHA ROY,612ef79fae44ae0070b4e8eb,SANCHARI SINGHA ROY,612ef79fae44ae0070b4e8eb,SANCHARI SINGHA ROY,612ef79fae44ae0070b4e8eb,9/6/2021 16:48,9/8/2021 10:15,9/7/2021 12:21,9/8/2021 10:15,,0,,,SANCHARI SINGHA ROY,612ef79fae44ae0070b4e8eb,,,,,,,,,,RE-31,,,,,,,,{},,,,,,,0|i0001q:zzz,,RE Sprint 1,,,,,,,,Done
"Verify when the user clicks on 'update' option, the user is able to update posts, tags and category as per choice and the updated changes should be visible in the list..",RE-32,10031,Test,Done,RE,Real Estate,software,SANCHARI SINGHA ROY,612ef79fae44ae0070b4e8eb,,Medium,Done,SANCHARI SINGHA ROY,612ef79fae44ae0070b4e8eb,SANCHARI SINGHA ROY,612ef79fae44ae0070b4e8eb,SANCHARI SINGHA ROY,612ef79fae44ae0070b4e8eb,9/6/2021 16:39,9/8/2021 10:14,9/6/2021 16:40,9/8/2021 10:14,,0,,,SANCHARI SINGHA ROY,612ef79fae44ae0070b4e8eb,,,,,,,,,,RE-31,,,,,,,,{},,,,,,,0|i0001q:zzy,,RE Sprint 1,,,,,,,,Done
"As a user I should be able to use the update functionality in order to make any changes to the posts,tags or category section",RE-31,10030,Story,Done,RE,Real Estate,software,SANCHARI SINGHA ROY,612ef79fae44ae0070b4e8eb,,Medium,Done,SANCHARI SINGHA ROY,612ef79fae44ae0070b4e8eb,SANCHARI SINGHA ROY,612ef79fae44ae0070b4e8eb,SANCHARI SINGHA ROY,612ef79fae44ae0070b4e8eb,9/6/2021 16:22,9/8/2021 10:14,9/8/2021 9:25,9/8/2021 10:14,,0,,,SANCHARI SINGHA ROY,612ef79fae44ae0070b4e8eb,,,,,,,,,,,,,,,,,,{},,RE-1,,,,,0|i0001q:zzx,,RE Sprint 1,,,,,,,,Done
"Verify when the user clicks on 'View' option, the user is able to view posts, tags and category as per choice.",RE-30,10029,Test,Done,RE,Real Estate,software,SANCHARI SINGHA ROY,612ef79fae44ae0070b4e8eb,,Medium,Done,SANCHARI SINGHA ROY,612ef79fae44ae0070b4e8eb,SANCHARI SINGHA ROY,612ef79fae44ae0070b4e8eb,SANCHARI SINGHA ROY,612ef79fae44ae0070b4e8eb,9/6/2021 16:14,9/8/2021 10:14,9/6/2021 16:14,9/8/2021 10:14,,0,,,SANCHARI SINGHA ROY,612ef79fae44ae0070b4e8eb,,,,,,,,,,RE-29,,,,,,,,{},,,,,,,0|i0001q:zzr,,RE Sprint 1,,,,,,,,Done
"As a user I should be able to use the view functionality so that I can view posts, tags and category which redirects to the corresponding view page.",RE-29,10028,Story,Done,RE,Real Estate,software,SANCHARI SINGHA ROY,612ef79fae44ae0070b4e8eb,,Medium,Done,SANCHARI SINGHA ROY,612ef79fae44ae0070b4e8eb,SANCHARI SINGHA ROY,612ef79fae44ae0070b4e8eb,SANCHARI SINGHA ROY,612ef79fae44ae0070b4e8eb,9/6/2021 16:11,9/8/2021 10:14,9/8/2021 9:24,9/8/2021 10:14,,0,,,SANCHARI SINGHA ROY,612ef79fae44ae0070b4e8eb,,,,,,,,,,,,,,,,,,{},,RE-1,,,,,0|i0001q:zzv,,RE Sprint 1,,,,,,,,Done
"Verify when the user clicks on quick edit option ,the user is able to edit name and slug of that tag and not the entire description. ",RE-28,10027,Test,Done,RE,Real Estate,software,SANCHARI SINGHA ROY,612ef79fae44ae0070b4e8eb,,Medium,Done,SANCHARI SINGHA ROY,612ef79fae44ae0070b4e8eb,SANCHARI SINGHA ROY,612ef79fae44ae0070b4e8eb,SANCHARI SINGHA ROY,612ef79fae44ae0070b4e8eb,9/6/2021 16:00,9/8/2021 10:14,9/6/2021 16:00,9/8/2021 10:14,,0,,,SANCHARI SINGHA ROY,612ef79fae44ae0070b4e8eb,,,,,,,,,,RE-26,,,,,,,,{},,,,,,,0|i0001q:zzi,,RE Sprint 1,,,,,,,,Done
"Verify when the user clicks on edit option ,the user is able to edit name, slug and description of that tag. ",RE-27,10026,Test,Done,RE,Real Estate,software,SANCHARI SINGHA ROY,612ef79fae44ae0070b4e8eb,,Medium,Done,SANCHARI SINGHA ROY,612ef79fae44ae0070b4e8eb,SANCHARI SINGHA ROY,612ef79fae44ae0070b4e8eb,SANCHARI SINGHA ROY,612ef79fae44ae0070b4e8eb,9/6/2021 15:45,9/8/2021 10:14,9/6/2021 15:45,9/8/2021 10:14,,0,,,SANCHARI SINGHA ROY,612ef79fae44ae0070b4e8eb,,,,,,,,,,RE-26,,,,,,,,{},,,,,,,0|i0001q:zz,,RE Sprint 1,,,,,,,,Done
As a user  I should be able change/modify any tags under the tag section of 'Posts' field.,RE-26,10025,Story,Done,RE,Real Estate,software,SANCHARI SINGHA ROY,612ef79fae44ae0070b4e8eb,,Medium,Done,SANCHARI SINGHA ROY,612ef79fae44ae0070b4e8eb,SANCHARI SINGHA ROY,612ef79fae44ae0070b4e8eb,SANCHARI SINGHA ROY,612ef79fae44ae0070b4e8eb,9/6/2021 15:42,9/8/2021 10:14,9/8/2021 9:23,9/8/2021 10:14,,0,,,SANCHARI SINGHA ROY,612ef79fae44ae0070b4e8eb,,,,,,,,,,,,,,,,,,{},,RE-1,,,,,0|i0001q:zy,,RE Sprint 1,,,,,,,,Done
"Verify when the user clicks on quick edit option ,the user is able to edit name and slug of that category and not the entire description. ",RE-25,10024,Test,Done,RE,Real Estate,software,SANCHARI SINGHA ROY,612ef79fae44ae0070b4e8eb,,Medium,Done,SANCHARI SINGHA ROY,612ef79fae44ae0070b4e8eb,SANCHARI SINGHA ROY,612ef79fae44ae0070b4e8eb,SANCHARI SINGHA ROY,612ef79fae44ae0070b4e8eb,9/6/2021 15:31,9/8/2021 10:14,9/6/2021 15:32,9/8/2021 10:14,,0,,,SANCHARI SINGHA ROY,612ef79fae44ae0070b4e8eb,,,,,,,,,,RE-23,,,,,,,,{},,,,,,,0|i0001q:zx,,RE Sprint 1,,,,,,,,Done
"Verify when the user clicks on edit option ,the user is able to edit name, slug, parent category and description of that category. ",RE-24,10023,Test,Done,RE,Real Estate,software,SANCHARI SINGHA ROY,612ef79fae44ae0070b4e8eb,,Medium,Done,SANCHARI SINGHA ROY,612ef79fae44ae0070b4e8eb,SANCHARI SINGHA ROY,612ef79fae44ae0070b4e8eb,SANCHARI SINGHA ROY,612ef79fae44ae0070b4e8eb,9/6/2021 15:23,9/8/2021 10:13,9/6/2021 15:23,9/8/2021 10:13,,0,,,SANCHARI SINGHA ROY,612ef79fae44ae0070b4e8eb,,,,,,,,,,RE-23,,,,,,,,{},,,,,,,0|i0001q:zt,,RE Sprint 1,,,,,,,,Done
As a user I should be able to change/modify category of a post under the 'Category' section of 'Posts' field,RE-23,10022,Story,Done,RE,Real Estate,software,SANCHARI SINGHA ROY,612ef79fae44ae0070b4e8eb,,Medium,Done,SANCHARI SINGHA ROY,612ef79fae44ae0070b4e8eb,SANCHARI SINGHA ROY,612ef79fae44ae0070b4e8eb,SANCHARI SINGHA ROY,612ef79fae44ae0070b4e8eb,9/6/2021 15:17,9/8/2021 10:14,9/8/2021 9:22,9/8/2021 10:14,,0,,,SANCHARI SINGHA ROY,612ef79fae44ae0070b4e8eb,,,,,,,,,,,,,,,,,,{},,RE-1,,,,,0|i0001q:zv,,RE Sprint 1,,,,,,,,Done
"Verify whether Quick Edit functionality is able to modify date, category, title and all other functionalities available there.",RE-22,10021,Test,Done,RE,Real Estate,software,SANCHARI SINGHA ROY,612ef79fae44ae0070b4e8eb,,Medium,Done,SANCHARI SINGHA ROY,612ef79fae44ae0070b4e8eb,SANCHARI SINGHA ROY,612ef79fae44ae0070b4e8eb,SANCHARI SINGHA ROY,612ef79fae44ae0070b4e8eb,9/6/2021 15:07,9/8/2021 10:13,9/6/2021 15:07,9/8/2021 10:13,,0,,,SANCHARI SINGHA ROY,612ef79fae44ae0070b4e8eb,,,,,,,,,,RE-18,,,,,,,,{},,,,,,,0|i0001q:zr,,RE Sprint 1,,,,,,,,Done
Verify whether the user is able to add media/upload file to edit post section.,RE-21,10020,Test,Done,RE,Real Estate,software,SANCHARI SINGHA ROY,612ef79fae44ae0070b4e8eb,,Medium,Done,SANCHARI SINGHA ROY,612ef79fae44ae0070b4e8eb,SANCHARI SINGHA ROY,612ef79fae44ae0070b4e8eb,SANCHARI SINGHA ROY,612ef79fae44ae0070b4e8eb,9/6/2021 14:38,9/8/2021 10:13,9/6/2021 14:38,9/8/2021 10:13,,0,,,SANCHARI SINGHA ROY,612ef79fae44ae0070b4e8eb,,,,,,,,,,RE-18,,,,,,,,{},,,,,,,0|i0001q:zi,,RE Sprint 1,,,,,,,,Done
Verify whether all the functionality under 'Edit' option is working or not,RE-20,10019,Test,Done,RE,Real Estate,software,SANCHARI SINGHA ROY,612ef79fae44ae0070b4e8eb,,Medium,Done,SANCHARI SINGHA ROY,612ef79fae44ae0070b4e8eb,SANCHARI SINGHA ROY,612ef79fae44ae0070b4e8eb,SANCHARI SINGHA ROY,612ef79fae44ae0070b4e8eb,9/6/2021 14:30,9/8/2021 10:13,9/6/2021 14:37,9/8/2021 10:13,,0,,,SANCHARI SINGHA ROY,612ef79fae44ae0070b4e8eb,,,,,,,,,,RE-18,,,,,,,,{},,,,,,,0|i0001q:z,,RE Sprint 1,,,,,,,,Done
"Verify when the user clicks on edit option ,the user is able to edit the name & add/update any description related to that post. ",RE-19,10018,Test,Done,RE,Real Estate,software,SANCHARI SINGHA ROY,612ef79fae44ae0070b4e8eb,,Medium,Done,SANCHARI SINGHA ROY,612ef79fae44ae0070b4e8eb,SANCHARI SINGHA ROY,612ef79fae44ae0070b4e8eb,SANCHARI SINGHA ROY,612ef79fae44ae0070b4e8eb,9/6/2021 14:19,9/8/2021 10:13,9/6/2021 14:20,9/8/2021 10:13,,0,,,SANCHARI SINGHA ROY,612ef79fae44ae0070b4e8eb,,,,,,,,,,RE-18,,,,,,,,{},,,,,,,0|i0001q:y,,RE Sprint 1,,,,,,,,Done
As a user I should  be able to modify posts under 'All Posts' section in 'Posts' fields.,RE-18,10017,Story,Done,RE,Real Estate,software,SANCHARI SINGHA ROY,612ef79fae44ae0070b4e8eb,,Medium,Done,SANCHARI SINGHA ROY,612ef79fae44ae0070b4e8eb,SANCHARI SINGHA ROY,612ef79fae44ae0070b4e8eb,SANCHARI SINGHA ROY,612ef79fae44ae0070b4e8eb,9/6/2021 14:15,9/8/2021 10:13,9/8/2021 9:21,9/8/2021 10:13,,0,,,SANCHARI SINGHA ROY,612ef79fae44ae0070b4e8eb,,,,,,,,,,,,,,,,,,{},,RE-1,,,,,0|i0001q:x,,RE Sprint 1,,,,,,,,Done
"Verify when the user will serach for any string related to posts,tags or categories , all the related results for that string along will be displayed.",RE-17,10016,Test,Done,RE,Real Estate,software,SANCHARI SINGHA ROY,612ef79fae44ae0070b4e8eb,,Medium,Done,SANCHARI SINGHA ROY,612ef79fae44ae0070b4e8eb,SANCHARI SINGHA ROY,612ef79fae44ae0070b4e8eb,SANCHARI SINGHA ROY,612ef79fae44ae0070b4e8eb,9/6/2021 11:15,9/8/2021 10:12,9/7/2021 10:51,9/8/2021 10:12,,0,,,SANCHARI SINGHA ROY,612ef79fae44ae0070b4e8eb,,,,,,,,,,RE-16,,,,,,,,{},,,,,,,0|i0001q:v,,RE Sprint 1,,,,,,,,Done
"As a user I should be able to perform search functionality for searching any posts,categories and new tags.",RE-16,10015,Story,Done,RE,Real Estate,software,SANCHARI SINGHA ROY,612ef79fae44ae0070b4e8eb,,Medium,Done,SANCHARI SINGHA ROY,612ef79fae44ae0070b4e8eb,SANCHARI SINGHA ROY,612ef79fae44ae0070b4e8eb,SANCHARI SINGHA ROY,612ef79fae44ae0070b4e8eb,9/6/2021 11:11,9/8/2021 10:12,9/8/2021 9:20,9/8/2021 10:12,,0,,,SANCHARI SINGHA ROY,612ef79fae44ae0070b4e8eb,,,,,,,,,,,,,,,,,,{},,RE-1,,,,,0|i0001q:r,,RE Sprint 1,,,,,,,,Done
"Verify when the user selects a particular date and category both and applies filter,the user can get access to all posts under that search.",RE-15,10014,Test,Done,RE,Real Estate,software,SANCHARI SINGHA ROY,612ef79fae44ae0070b4e8eb,,Medium,Done,SANCHARI SINGHA ROY,612ef79fae44ae0070b4e8eb,SANCHARI SINGHA ROY,612ef79fae44ae0070b4e8eb,SANCHARI SINGHA ROY,612ef79fae44ae0070b4e8eb,9/6/2021 11:03,9/8/2021 10:12,9/9/2021 10:30,9/8/2021 10:12,,0,,,SANCHARI SINGHA ROY,612ef79fae44ae0070b4e8eb,,,,,,,,,,RE-11,,,,,,,,{},,,,,,,0|i0001q:i,,RE Sprint 1,,,,,,,,Done
"Verify when the user selects a particular category and applies filter,the user can get access to all posts under that category.",RE-14,10013,Test,Done,RE,Real Estate,software,SANCHARI SINGHA ROY,612ef79fae44ae0070b4e8eb,,Medium,Done,SANCHARI SINGHA ROY,612ef79fae44ae0070b4e8eb,SANCHARI SINGHA ROY,612ef79fae44ae0070b4e8eb,SANCHARI SINGHA ROY,612ef79fae44ae0070b4e8eb,9/6/2021 10:56,9/8/2021 10:12,9/9/2021 10:30,9/8/2021 10:12,,0,,,SANCHARI SINGHA ROY,612ef79fae44ae0070b4e8eb,,,,,,,,,,RE-11,,,,,,,,{},,,,,,,0|i0001q:,,RE Sprint 1,,,,,,,,Done
"Verify when the user selects a particular date and applies filter,the user can get access to all posts under that date.",RE-13,10012,Test,Done,RE,Real Estate,software,SANCHARI SINGHA ROY,612ef79fae44ae0070b4e8eb,,Medium,Done,SANCHARI SINGHA ROY,612ef79fae44ae0070b4e8eb,SANCHARI SINGHA ROY,612ef79fae44ae0070b4e8eb,SANCHARI SINGHA ROY,612ef79fae44ae0070b4e8eb,9/6/2021 10:42,9/8/2021 10:12,9/9/2021 10:30,9/8/2021 10:12,,0,,,SANCHARI SINGHA ROY,612ef79fae44ae0070b4e8eb,,,,,,,,,,RE-11,,,,,,,,{},,,,,,,0|i0001p:,,RE Sprint 1,,,,,,,,Done
Verify whether 'All Dates' & 'All Category' dropdown are accessible or not.,RE-12,10011,Test,Done,RE,Real Estate,software,SANCHARI SINGHA ROY,612ef79fae44ae0070b4e8eb,,Medium,Done,SANCHARI SINGHA ROY,612ef79fae44ae0070b4e8eb,SANCHARI SINGHA ROY,612ef79fae44ae0070b4e8eb,SANCHARI SINGHA ROY,612ef79fae44ae0070b4e8eb,9/6/2021 10:16,9/8/2021 10:11,9/9/2021 10:30,9/8/2021 10:11,,0,,,SANCHARI SINGHA ROY,612ef79fae44ae0070b4e8eb,,,,,,,,,,RE-11,,,,,,,,{},,,,,,,0|i0001n:,,RE Sprint 1,,,,,,,,Done
As a user I should be able to perform filter functionality in 'All Post' field for the Posts section,RE-11,10010,Story,Done,RE,Real Estate,software,SANCHARI SINGHA ROY,612ef79fae44ae0070b4e8eb,,Medium,Done,SANCHARI SINGHA ROY,612ef79fae44ae0070b4e8eb,SANCHARI SINGHA ROY,612ef79fae44ae0070b4e8eb,SANCHARI SINGHA ROY,612ef79fae44ae0070b4e8eb,9/6/2021 10:14,9/8/2021 10:19,9/8/2021 9:20,9/8/2021 10:19,,0,,,SANCHARI SINGHA ROY,612ef79fae44ae0070b4e8eb,,,,,,,,,,,,,,,,,,{},,RE-1,,,,,0|i0001r:,,RE Sprint 1,,,,,,,,Done
"Verify whether the user can perform bulk 'Edit' functionality which edits more than one post as per categories,tags,comments,author and status.",RE-10,10009,Test,Done,RE,Real Estate,software,SANCHARI SINGHA ROY,612ef79fae44ae0070b4e8eb,,Medium,Done,SANCHARI SINGHA ROY,612ef79fae44ae0070b4e8eb,SANCHARI SINGHA ROY,612ef79fae44ae0070b4e8eb,SANCHARI SINGHA ROY,612ef79fae44ae0070b4e8eb,9/6/2021 10:02,9/8/2021 10:11,9/9/2021 10:30,9/8/2021 10:11,,0,,,SANCHARI SINGHA ROY,612ef79fae44ae0070b4e8eb,,,,,,,,,,RE-6,,,,,,,,{},,,,,,,0|i0001f:,,RE Sprint 1,,,,,,,,Done
Verify whether the user can perform bulk 'Move to Trash' functionality which deletes more than one posts at a time.,RE-9,10008,Test,Done,RE,Real Estate,software,SANCHARI SINGHA ROY,612ef79fae44ae0070b4e8eb,,Medium,Done,SANCHARI SINGHA ROY,612ef79fae44ae0070b4e8eb,SANCHARI SINGHA ROY,612ef79fae44ae0070b4e8eb,SANCHARI SINGHA ROY,612ef79fae44ae0070b4e8eb,9/6/2021 9:50,9/8/2021 10:11,9/9/2021 10:30,9/8/2021 10:11,,0,,,SANCHARI SINGHA ROY,612ef79fae44ae0070b4e8eb,,,,,,,,,,RE-6,,,,,,,,{},,,,,,,0|i0001j:,,RE Sprint 1,,,,,,,,Done
Verify whether the user can perform bulk action functionality for Null selection,RE-8,10007,Test,Done,RE,Real Estate,software,SANCHARI SINGHA ROY,612ef79fae44ae0070b4e8eb,,Medium,Done,SANCHARI SINGHA ROY,612ef79fae44ae0070b4e8eb,SANCHARI SINGHA ROY,612ef79fae44ae0070b4e8eb,SANCHARI SINGHA ROY,612ef79fae44ae0070b4e8eb,9/3/2021 9:38,9/8/2021 10:11,9/9/2021 10:30,9/8/2021 10:11,,0,,,SANCHARI SINGHA ROY,612ef79fae44ae0070b4e8eb,,,,,,,,,,RE-6,,,,,,,,{},,,,,,,0|i00017:,,RE Sprint 1,,,,,,,,Done
"verify whether the user by clicking on bulk functionality is able to access multiple checkbox options for all post, new tags and new category fields.",RE-7,10006,Test,Done,RE,Real Estate,software,SANCHARI SINGHA ROY,612ef79fae44ae0070b4e8eb,,Medium,Done,SANCHARI SINGHA ROY,612ef79fae44ae0070b4e8eb,SANCHARI SINGHA ROY,612ef79fae44ae0070b4e8eb,SANCHARI SINGHA ROY,612ef79fae44ae0070b4e8eb,9/3/2021 9:01,9/8/2021 10:11,9/9/2021 10:30,9/8/2021 10:11,,0,,,SANCHARI SINGHA ROY,612ef79fae44ae0070b4e8eb,,,,,,,,,,RE-6,,,,,,,,{},,,,,,,0|i0001b:,,RE Sprint 1,,,,,,,,Done
"As a user I should be able to use the Bulk functionality in posts section for all post,categories and tag fields.",RE-6,10005,Story,Done,RE,Real Estate,software,SANCHARI SINGHA ROY,612ef79fae44ae0070b4e8eb,,Medium,Done,SANCHARI SINGHA ROY,612ef79fae44ae0070b4e8eb,SANCHARI SINGHA ROY,612ef79fae44ae0070b4e8eb,SANCHARI SINGHA ROY,612ef79fae44ae0070b4e8eb,9/2/2021 15:22,9/8/2021 10:11,9/8/2021 9:19,9/8/2021 10:11,,0,,,SANCHARI SINGHA ROY,612ef79fae44ae0070b4e8eb,,,,,,,,,,,,,,,,,,{},,RE-1,,,,,0|i00013:,,RE Sprint 1,,,,,,,,Done
Verify whether the user on clicking add new tag is able to create new tags.,RE-5,10004,Test,Done,RE,Real Estate,software,SANCHARI SINGHA ROY,612ef79fae44ae0070b4e8eb,,Medium,Done,SANCHARI SINGHA ROY,612ef79fae44ae0070b4e8eb,SANCHARI SINGHA ROY,612ef79fae44ae0070b4e8eb,SANCHARI SINGHA ROY,612ef79fae44ae0070b4e8eb,9/2/2021 14:49,9/8/2021 10:11,9/9/2021 10:30,9/8/2021 10:11,,0,,,SANCHARI SINGHA ROY,612ef79fae44ae0070b4e8eb,,,,,,,,,,RE-2,,,,,,,,{},,,,,,,0|i0000v:,,RE Sprint 1,,,,,,,,Done
Verify whether the user on clicking add new category is able to create new categories.,RE-4,10003,Test,Done,RE,Real Estate,software,SANCHARI SINGHA ROY,612ef79fae44ae0070b4e8eb,,Medium,Done,SANCHARI SINGHA ROY,612ef79fae44ae0070b4e8eb,SANCHARI SINGHA ROY,612ef79fae44ae0070b4e8eb,SANCHARI SINGHA ROY,612ef79fae44ae0070b4e8eb,9/2/2021 14:32,9/8/2021 10:10,9/8/2021 9:47,9/8/2021 10:10,,0,,,SANCHARI SINGHA ROY,612ef79fae44ae0070b4e8eb,,,,,,,,,,RE-2,,,,,,,,{},,,,,,,0|i0000n:,,RE Sprint 1,,,,,,,,Done
Verify whether the add post functionality takes image or alphanumeric characters or both,RE-3,10002,Test,Done,RE,Real Estate,software,SANCHARI SINGHA ROY,612ef79fae44ae0070b4e8eb,,Medium,Done,SANCHARI SINGHA ROY,612ef79fae44ae0070b4e8eb,SANCHARI SINGHA ROY,612ef79fae44ae0070b4e8eb,SANCHARI SINGHA ROY,612ef79fae44ae0070b4e8eb,9/2/2021 14:15,9/8/2021 10:10,9/9/2021 10:30,9/8/2021 10:10,,0,,,SANCHARI SINGHA ROY,612ef79fae44ae0070b4e8eb,,,,,,,,,,RE-2,,,,,,,,{},,,,,,,0|i0000f:,,RE Sprint 1,,,,,,,,Done
"As an user I should be able to create new post,add new tags and add new categories. ",RE-2,10001,Story,Blocked,RE,Real Estate,software,SANCHARI SINGHA ROY,612ef79fae44ae0070b4e8eb,,Medium,,SANCHARI SINGHA ROY,612ef79fae44ae0070b4e8eb,SANCHARI SINGHA ROY,612ef79fae44ae0070b4e8eb,SANCHARI SINGHA ROY,612ef79fae44ae0070b4e8eb,9/2/2021 14:11,9/8/2021 16:43,9/8/2021 15:44,,,0,,,SANCHARI SINGHA ROY,612ef79fae44ae0070b4e8eb,,,,,,,,,,RE-60,,,,,,,,{},,RE-1,,,,,0|i00007:,,RE Sprint 1,,,,,,,,In Progress
POSTS,RE-1,10000,Epic,In Progress,RE,Real Estate,software,SANCHARI SINGHA ROY,612ef79fae44ae0070b4e8eb,,Medium,,SANCHARI SINGHA ROY,612ef79fae44ae0070b4e8eb,SANCHARI SINGHA ROY,612ef79fae44ae0070b4e8eb,SANCHARI SINGHA ROY,612ef79fae44ae0070b4e8eb,9/2/2021 12:39,9/8/2021 12:50,9/8/2021 15:58,,,0,,,SANCHARI SINGHA ROY,612ef79fae44ae0070b4e8eb,,,,,,,,,,,,,,,,,,{},ghx-label-6,,POSTS,To Do,,,0|hzzzzz:,,RE Sprint 1,,,,,,,,In Progress
